,tweet_id,retweet_count,favorite_count
0,892420643555336193,8491,38520
1,892177421306343426,6244,33024
2,891815181378084864,4139,24853
3,891689557279858688,8605,41896
4,891327558926688256,9348,40044
5,891087950875897856,3096,20086
6,890971913173991426,2059,11760
7,890729181411237888,18824,65067
8,890609185150312448,4251,27625
9,890240255349198849,7373,31706
10,890006608113172480,7299,30473
11,889880896479866881,4953,27601
12,889665388333682689,10021,47813
13,889638837579907072,4532,26983
14,889531135344209921,2228,14993
15,889278841981685760,5401,25123
16,888917238123831296,4483,28895
17,888804989199671297,4316,25413
18,888554962724278272,3570,19760
19,888078434458587136,3479,21612
20,887705289381826560,5369,29971
21,887517139158093824,11631,45948
22,887473957103951883,18137,68647
23,887343217045368832,10362,33454
24,887101392804085760,5936,30339
25,886983233522544640,7746,34929
26,886736880519319552,3280,11984
27,886680336477933568,4449,22270
28,886366144734445568,3188,21047
29,886267009285017600,4,116
30,886258384151887873,6254,27794
31,886054160059072513,104,0
32,885984800019947520,6791,32486
33,885528943205470208,6406,35746
34,885518971528720385,3748,20301
35,885311592912609280,18529,0
36,885167619883638784,4367,21798
37,884925521741709313,18373,76965
38,884876753390489601,5769,27753
39,884562892145688576,4851,24143
40,884441805382717440,5632,26815
41,884247878851493888,20385,72549
42,884162670584377345,2972,20245
43,883838122936631299,3430,21754
44,883482846933004288,9926,45649
45,883360690899218434,3666,22413
46,883117836046086144,6654,36972
47,882992080364220416,3906,23805
48,882762694511734784,4906,28133
49,882627270321602560,6075,27738
50,882268110199369728,11565,44685
51,882045870035918850,4965,29154
52,881906580714921986,3392,24143
53,881666595344535552,10642,50239
54,881633300179243008,7,127
55,881536004380872706,15919,49156
56,881268444196462592,5152,22941
57,880935762899988482,2773,16904
58,880872448815771648,3807,21149
59,880465832366813184,6274,28345
60,880221127280381952,4223,26914
61,880095782870896641,4359,27459
62,879862464715927552,3494,22186
63,879674319642796034,10,310
64,879492040517615616,3181,23256
65,879415818425184262,44067,105245
66,879376492567855104,3112,16658
67,879130579576475649,6834,0
68,879050749262655488,4711,22442
69,879008229531029506,2687,18853
70,878776093423087618,4133,19294
71,878604707211726852,7205,30082
72,878404777348136964,1292,0
73,878316110768087041,6649,0
74,878281511006478336,1292,7706
75,878057613040115712,6834,41798
76,877736472329191424,19120,79351
77,877611172832227328,81,0
78,877556246731214848,3821,22620
79,877316821321428993,5174,27215
80,877201837425926144,5593,26961
81,876838120628539392,3360,20559
82,876537666061221889,4622,23333
83,876484053909872640,2399,18655
84,876120275196170240,4691,27758
85,875747767867523072,4298,25049
86,875144289856114688,4931,21807
87,875097192612077568,6052,27290
88,875021211251597312,4728,25347
89,874680097055178752,4662,27708
90,874434818259525634,14804,0
91,874296783580663808,4128,25957
92,874057562936811520,3967,22550
93,874012996292530176,10489,34498
94,873580283840344065,3965,24141
95,873337748698140672,1594,0
96,873213775632977920,1594,7221
97,872967104147763200,5435,27300
98,872820683541237760,3714,14676
99,872668790621863937,28,0
100,872620804844003328,3723,20731
101,872486979161796608,9065,40599
102,872261713294495745,6379,34143
103,872122724285648897,8183,34391
104,871879754684805121,11300,38006
105,871762521631449091,3506,20244
106,871515927908634625,3481,20202
107,871166179821445120,5752,0
108,871102520638267392,5557,20933
109,871032628920680449,3846,22649
110,870804317367881728,6274,33643
111,870726314365509632,3,120
112,870656317836468226,2672,12426
113,870374049280663552,26539,82822
114,870308999962521604,4208,21859
115,870063196459192321,8467,36780
116,869772420881756160,10180,42531
117,869702957897576449,6423,28319
118,869596645499047938,3177,16034
119,869227993411051520,3846,20519
120,868880397819494401,14770,65983
121,868639477480148993,2138,0
122,868622495443632128,5882,27375
123,868552278524837888,2138,10210
124,867900495410671616,4253,24342
125,867774946302451713,7485,34243
126,867421006826221569,2571,16257
127,867072653475098625,129,0
128,867051520902168576,8037,32516
129,866720684873056260,4924,20260
130,866686824827068416,3565,19506
131,866450705531457537,36056,123459
132,866334964761202691,14804,53144
133,866094527597207552,8592,0
134,865718153858494464,5749,25864
135,865359393868664832,5126,26764
136,865006731092295680,7874,28332
137,864873206498414592,8951,32682
138,864279568663928832,3123,14800
139,864197398364647424,9197,30556
140,863907417377173506,4254,20888
141,863553081350529029,4291,15497
142,863471782782697472,2542,0
143,863432100342583297,5409,24163
144,863427515083354112,99,2294
145,863079547188785154,1129,8893
146,863062471531167744,2542,8658
147,862831371563274240,5236,19472
148,862722525377298433,3641,17330
149,862457590147678208,5112,20868
150,862096992088072192,24048,75775
151,861383897657036800,11042,36670
152,861288531465048066,4303,17482
153,861005113778896900,3929,17012
154,860981674716409858,2239,0
155,860924035999428608,845,0
156,860563773140209665,2239,7649
157,860524505164394496,5446,24059
158,860276583193509888,3595,18623
159,860184849394610176,6035,16995
160,860177593139703809,31987,0
161,859924526012018688,4241,19915
162,859851578198683649,3630,15700
163,859607811541651456,1630,18962
164,859196978902773760,31374,91770
165,859074603037188101,14107,34603
166,858860390427611136,8453,0
167,858843525470990336,3608,15862
168,858471635011153920,5035,21988
169,858107933456039936,3030,16089
170,857989990357356544,2689,16478
171,857746408056729600,11059,35045
172,857393404942143489,1710,6063
173,857263160327368704,4713,20489
174,857214891891077121,19,236
175,857062103051644929,178,0
176,857029823797047296,4171,19389
177,856602993587888130,11169,0
178,856543823941562368,3008,16681
179,856526610513747968,1961,12125
180,856330835276025856,712,0
181,856288084350160898,17,531
182,856282028240666624,6620,28428
183,855862651834028034,28,357
184,855860136149123072,1085,5162
185,855857698524602368,2222,12159
186,855851453814013952,18545,46654
187,855818117272018944,5700,27320
188,855459453768019968,8644,30814
189,855245323840757760,6282,0
190,855138241867124737,48,0
191,854732716440526848,6430,23546
192,854482394044301312,7245,30241
193,854365224396361728,4947,19509
194,854120357044912130,7918,33000
195,854010172552949760,3324,16726
196,853760880890318849,6128,29601
197,853639147608842240,10726,36098
198,853299958564483072,3772,16077
199,852936405516943360,2144,0
200,852912242202992640,1950,9392
201,852672615818899456,2281,15470
202,852553447878664193,3730,16989
203,852311364735569921,10503,34420
204,852226086759018497,7229,20787
205,852189679701164033,1679,11914
206,851953902622658560,10258,0
207,851861385021730816,23,0
208,851591660324737024,3689,16857
209,851464819735769094,7533,25264
210,851224888060895234,6100,21535
211,850753642995093505,9912,32342
212,850380195714523136,2791,13617
213,850333567704068097,357,3572
214,850145622816686080,4088,17026
215,850019790995546112,5232,21336
216,849776966551130114,8126,31807
217,849668094696017920,5306,0
218,849412302885593088,3357,16577
219,849336543269576704,2022,11944
220,849051919805034497,9126,44417
221,848690551926992896,4623,26375
222,848324959059550208,4932,25903
223,848213670039564288,805,8553
224,848212111729840128,3306,17105
225,847978865427394560,3492,0
226,847971574464610304,463,0
227,847962785489326080,5483,24617
228,847842811428974592,1444,5748
229,847617282490613760,452,7352
230,847606175596138505,3636,19662
231,847251039262605312,4611,21434
232,847157206088847362,6294,20957
233,847116187444137987,3427,22475
234,846874817362120707,4217,21081
235,846514051647705089,12503,46930
236,846505985330044928,3334,14866
237,846153765933735936,9769,33328
238,846139713627017216,10615,32417
239,846042936437604353,3110,16811
240,845812042753855489,9433,30813
241,845677943972139009,5153,26400
242,845397057150107648,1959,8022
243,845306882940190720,5816,24539
244,845098359547420673,8270,0
245,844979544864018432,2793,14350
246,844973813909606400,3465,15917
247,844704788403113984,11169,40787
248,844580511645339650,3393,17348
249,844223788422217728,2373,14353
250,843981021012017153,3155,15916
251,843856843873095681,4995,22553
252,843604394117681152,2970,17799
253,843235543001513987,6558,22662
254,842846295480000512,3882,16045
255,842765311967449089,1378,7121
256,842535590457499648,3788,19088
257,842163532590374912,6282,25838
258,842115215311396866,3277,14797
259,841833993020538882,16668,0
260,841680585030541313,8390,27063
261,841439858740625411,3978,13352
262,841320156043304961,5883,20861
263,841314665196081154,5100,16745
264,841077006473256960,5752,24224
265,840761248237133825,1902,0
266,840728873075638272,17585,0
267,840698636975636481,2,192
268,840696689258311684,1069,13002
269,840632337062862849,1902,9499
270,840370681858686976,4945,17424
271,840268004936019968,6225,20410
272,839990271299457024,2500,14210
273,839549326359670784,8453,29144
274,839290600511926273,154,0
275,839239871831150596,7134,28824
276,838952994649550848,4324,20784
277,838921590096166913,2258,11837
278,838916489579200512,37,0
279,838831947270979586,12059,0
280,838561493054533637,1442,11572
281,838476387338051585,5247,23968
282,838201503651401729,11017,0
283,838150277551247360,357,1779
284,838085839343206401,0,147
285,838083903487373313,3432,18693
286,837820167694528512,8592,36266
287,837482249356513284,481,4067
288,837471256429613056,2514,13571
289,837366284874571778,5772,22432
290,837110210464448512,2614,17001
291,836989968035819520,2500,13523
292,836753516572119041,5033,20420
293,836677758902222849,2428,13395
294,836648853927522308,603,0
295,836397794269200385,30135,0
296,836380477523124226,3220,15646
297,836260088725786625,4682,22592
298,836001077879255040,4693,20312
299,835685285446955009,8929,0
300,835574547218894849,3963,18916
301,835536468978302976,1859,0
302,835309094223372289,22992,0
303,835297930240217089,3268,17426
304,835264098648616962,1859,8257
305,835246439529840640,79,2218
306,835172783151792128,6281,27776
307,835152434251116546,3308,23889
308,834931633769889797,1805,11526
309,834786237630337024,5980,22467
310,834574053763584002,2780,14577
311,834477809192075265,11676,0
312,834458053273591808,1828,10234
313,834209720923721728,5252,21933
314,834167344700198914,3971,16758
315,834089966724603904,2328,10696
316,834086379323871233,2423,13894
317,833863086058651648,2637,14272
318,833826103416520705,3765,16328
319,833732339549220864,239,0
320,833722901757046785,3505,22007
321,833479644947025920,2264,15833
322,833124694597443584,5306,21508
323,832998151111966721,2432,14180
324,832769181346996225,40,0
325,832757312314028032,3970,17915
326,832682457690300417,3214,12663
327,832645525019123713,568,3112
328,832636094638288896,3070,16913
329,832397543355072512,2446,12732
330,832369877331693569,3492,18277
331,832273440279240704,2561,12055
332,832215909146226688,6794,0
333,832215726631055365,10296,0
334,832088576586297345,2,71
335,832040443403784192,10670,0
336,832032802820481025,5114,19036
337,831939777352105988,6742,25599
338,831926988323639298,36,364
339,831911600680497154,7162,29491
340,831670449226514432,1993,11142
341,831650051525054464,2144,7660
342,831552930092285952,2517,9607
343,831322785565769729,1671,9794
344,831315979191906304,1227,6952
345,831309418084069378,2678,12503
346,831262627380748289,2256,12707
347,830956169170665475,1648,8515
348,830583320585068544,18529,71460
349,830173239259324417,6277,0
350,830097400375152640,3315,10507
351,829878982036299777,5521,0
352,829861396166877184,2159,13078
353,829501995190984704,11676,33919
354,829449946868879360,2234,11178
355,829374341691346946,10258,37016
356,829141528400556032,8167,26221
357,829011960981237760,17851,56646
358,828801551087042563,3739,0
359,828770345708580865,6478,27337
360,828708714936930305,12365,39139
361,828650029636317184,1481,10167
362,828409743546925057,1267,6719
363,828408677031882754,1409,8173
364,828381636999917570,2444,13507
365,828376505180889089,1171,7903
366,828372645993398273,3230,13405
367,828361771580813312,186,2344
368,828046555563323392,3156,12583
369,828011680017821696,2365,11088
370,827933404142436356,5756,21558
371,827653905312006145,3313,16522
372,827600520311402496,1042,7929
373,827324948884643840,3378,17011
374,827199976799354881,2468,11329
375,826958653328592898,5521,23148
376,826848821049180160,11314,39106
377,826615380357632002,4348,0
378,826598799820865537,281,5486
379,826598365270007810,2586,10792
380,826476773533745153,4629,19736
381,826240494070030336,2856,14215
382,826204788643753985,1030,5228
383,826115272272650244,3460,16808
384,825876512159186944,2060,11214
385,825829644528148480,2744,13659
386,825535076884762624,18996,55815
387,825147591692263424,5052,19627
388,825120256414846976,1424,0
389,825026590719483904,1424,6814
390,824796380199809024,6067,0
391,824775126675836928,3898,16049
392,824663926340194305,1923,10802
393,824325613288833024,11472,12634
394,824297048279236611,4269,16132
395,824025158776213504,653,5123
396,823939628516474880,3002,11440
397,823719002937630720,12441,0
398,823699002998870016,2672,13502
399,823581115634085888,2931,14002
400,823333489516937216,29,751
401,823322678127919110,4448,16915
402,823269594223824897,10906,0
403,822975315408461824,3807,18576
404,822872901745569793,48613,142264
405,822859134160621569,2525,14175
406,822647212903690241,7095,0
407,822610361945911296,3280,15874
408,822489057087389700,7095,19514
409,822462944365645825,16296,30679
410,822244816520155136,10906,37678
411,822163064745328640,5340,0
412,821886076407029760,2596,12214
413,821813639212650496,3703,0
414,821765923262631936,1848,9057
415,821522889702862852,1955,8620
416,821421320206483457,6199,0
417,821407182352777218,4829,12672
418,821153421864615936,10,274
419,821149554670182400,2228,9401
420,821107785811234820,2362,10333
421,821044531881721856,2536,13621
422,820837357901512704,7420,0
423,820749716845686786,11017,33987
424,820690176645140481,3572,13141
425,820494788566847489,628,0
426,820446719150292993,2860,0
427,820314633777061888,628,3589
428,820078625395449857,6968,21315
429,820013781606658049,1312,0
430,819952236453363712,1312,5727
431,819924195358416896,5375,13859
432,819711362133872643,3486,14498
433,819588359383371776,2185,10300
434,819347104292290561,1335,7777
435,819238181065359361,449,2467
436,819227688460238848,7420,24880
437,819015337530290176,40670,0
438,819015331746349057,20981,0
439,819006400881917954,20981,48618
440,819004803107983360,40670,93066
441,818646164899774465,23163,0
442,818627210458333184,8273,23929
443,818614493328580609,2873,10631
444,818588835076603904,6832,0
445,818536468981415936,2753,11772
446,818307523543449600,9034,0
447,818259473185828864,2540,11877
448,818145370475810820,2889,13251
449,817908911860748288,874,5215
450,817827839487737858,30135,55973
451,817777686764523521,2962,11539
452,817536400337801217,3372,12720
453,817502432452313088,3775,0
454,817423860136083457,16668,36968
455,817415592588222464,1074,6072
456,817181837579653120,9468,0
457,817171292965273600,2236,9412
458,817120970343411712,2911,13111
459,817056546584727552,1834,9244
460,816829038950027264,5246,0
461,816816676327063552,2267,10772
462,816697700272001025,2451,10581
463,816450570814898180,9034,32997
464,816336735214911488,2173,9287
465,816091915477250048,2394,9640
466,816062466425819140,1163,0
467,816014286006976512,5913,0
468,815990720817401858,1163,5395
469,815966073409433600,9468,24255
470,815745968457060357,4599,0
471,815736392542261248,2524,10625
472,815639385530101762,1836,8877
473,815390420867969024,4231,11170
474,814986499976527872,1438,8247
475,814638523311648768,3019,12198
476,814578408554463233,6475,0
477,814530161257443328,2058,9355
478,814153002265309185,9683,31052
479,813944609378369540,3588,0
480,813910438903693312,2100,10032
481,813812741911748608,15611,39260
482,813800681631023104,1961,9021
483,813217897535406080,8128,20204
484,813202720496779264,2007,9910
485,813187593374461952,4869,21447
486,813172488309972993,2136,10091
487,813157409116065792,2469,8374
488,813142292504645637,2630,9088
489,813130366689148928,494,4832
490,813127251579564032,3493,12827
491,813112105746448384,3075,11179
492,813096984823349248,4022,11375
493,813081950185472002,3088,10673
494,813066809284972545,2170,8602
495,813051746834595840,8165,22656
496,812781120811126785,2128,8182
497,812747805718642688,7747,0
498,812709060537683968,1597,7159
499,812503143955202048,1366,6573
500,812466873996607488,2149,8652
501,812372279581671427,4094,14818
502,811985624773361665,1567,7856
503,811744202451197953,1797,8161
504,811647686436880384,827,6043
505,811627233043480576,3499,13867
506,811386762094317568,7140,22620
507,810984652412424192,1594,5772
508,810896069567610880,1995,9798
509,810657578271330305,2949,11865
510,810284430598270976,12756,38382
511,810254108431155201,3739,15899
512,809920764300447744,4348,16769
513,809808892968534016,5475,0
514,809448704142938112,1640,7497
515,809220051211603969,6277,21595
516,809084759137812480,3914,14306
517,808838249661788160,3391,10932
518,808733504066486276,2417,8561
519,808501579447930884,2901,12230
520,808344865868283904,23163,46032
521,808134635716833280,6667,0
522,808106460588765185,2441,9438
523,808001312164028416,3943,13613
524,807621403335917568,4113,15782
525,807106840509214720,60484,122083
526,807059379405148160,8204,0
527,807010152071229440,4261,14099
528,806629075125202948,39020,81501
529,806620845233815552,6175,0
530,806576416489959424,2146,5250
531,806542213899489280,2647,11060
532,806242860592926720,13070,0
533,806219024703037440,1339,6950
534,805958939288408065,6012,0
535,805932879469572096,2131,8960
536,805826884734976000,2048,7139
537,805823200554876929,8995,0
538,805520635690676224,1848,6209
539,805487436403003392,2829,9494
540,805207613751304193,1901,8432
541,804738756058218496,4310,14895
542,804475857670639616,2249,6678
543,804413760345620481,3589,0
544,804026241225523202,18106,48366
545,803773340896923648,3100,10887
546,803692223237865472,8301,0
547,803638050916102144,4635,11919
548,803380650405482500,2076,8398
549,803321560782307329,5953,0
550,803276597545603072,2761,10876
551,802952499103731712,2246,9776
552,802624713319034886,3270,0
553,802600418706604034,1641,7715
554,802572683846291456,2807,9695
555,802323869084381190,6538,17633
556,802265048156610565,1518,6935
557,802239329049477120,2910,9843
558,802185808107208704,297,0
559,801958328846974976,1913,8371
560,801854953262350336,261,1910
561,801538201127157760,2306,8888
562,801285448605831168,929,6574
563,801167903437357056,6667,26599
564,801127390143516673,4446,0
565,801115127852503040,2335,8763
566,800859414831898624,107,747
567,800855607700029440,1818,0
568,800751577355128832,3104,11383
569,800513324630806528,3362,14255
570,800459316964663297,2408,10255
571,800443802682937345,4830,0
572,800388270626521089,3133,12092
573,800188575492947969,4405,0
574,800141422401830912,2860,16591
575,800018252395122689,14724,30793
576,799774291445383169,5244,0
577,799757965289017345,2418,9122
578,799422933579902976,2136,8726
579,799308762079035393,6196,0
580,799297110730567681,3097,10770
581,799063482566066176,2746,8782
582,798933969379225600,5015,14290
583,798925684722855936,1601,8063
584,798705661114773508,7408,0
585,798701998996647937,8736,0
586,798697898615730177,7270,0
587,798694562394996736,5546,0
588,798686750113755136,2597,0
589,798682547630837760,5288,0
590,798673117451325440,6221,0
591,798665375516884993,4344,0
592,798644042770751489,2070,0
593,798628517273620480,2200,0
594,798585098161549313,6393,0
595,798576900688019456,6570,0
596,798340744599797760,3758,0
597,798209839306514432,2852,11267
598,797971864723324932,3511,12656
599,797545162159308800,5427,15750
600,797236660651966464,7413,21730
601,797165961484890113,31,250
602,796904159865868288,9962,0
603,796865951799083009,2126,8330
604,796759840936919040,3421,12898
605,796563435802726400,8179,0
606,796484825502875648,1966,8226
607,796387464403357696,4655,11956
608,796177847564038144,16005,0
609,796149749086875649,16005,35141
610,796125600683540480,1994,5361
611,796116448414461957,2709,9871
612,796080075804475393,2589,9168
613,796031486298386433,4126,11733
614,795464331001561088,26638,54131
615,795400264262053889,3204,10968
616,795076730285391872,6067,17630
617,794983741416415232,3780,0
618,794926597468000259,2590,11163
619,794355576146903043,11506,0
620,794332329137291264,2955,10374
621,794205286408003585,3701,9990
622,793962221541933056,5475,18289
623,793845145112371200,2097,9998
624,793614319594401792,3500,0
625,793601777308463104,1829,8667
626,793500921481273345,2668,11622
627,793286476301799424,10296,26754
628,793271401113350145,2642,9382
629,793256262322548741,9314,21700
630,793241302385262592,3669,11438
631,793226087023144960,3200,10677
632,793210959003287553,3151,9709
633,793195938047070209,6291,16597
634,793180763617361921,2225,7517
635,793165685325201412,3107,10211
636,793150605191548928,1909,6711
637,793135492858580992,2784,7015
638,793120401413079041,4368,13790
639,792913359805018113,4493,15593
640,792883833364439040,4765,12279
641,792773781206999040,1878,7978
642,792394556390137856,4787,14630
643,792050063153438720,2010,7801
644,791821351946420224,23503,0
645,791784077045166082,10799,0
646,791780927877898241,4243,0
647,791774931465953280,24821,48980
648,791672322847637504,3500,12761
649,791406955684368384,4599,14265
650,791312159183634433,2843,9538
651,791026214425268224,4605,0
652,790987426131050500,2393,10758
653,790946055508652032,5246,18027
654,790723298204217344,2594,0
655,790698755171364864,2131,8897
656,790581949425475584,8009,22460
657,790337589677002753,2087,8492
658,790277117346975746,3588,13622
659,790227638568808452,3993,0
660,789986466051088384,2594,10046
661,789960241177853952,4649,0
662,789903600034189313,4618,11291
663,789628658055020548,1987,8175
664,789599242079838210,2167,7350
665,789530877013393408,3780,12770
666,789314372632018944,2567,9343
667,789280767834746880,5529,0
668,789268448748703744,2889,9891
669,789137962068021249,3118,10543
670,788908386943430656,13858,29738
671,788765914992902144,11506,29769
672,788552643979468800,8063,0
673,788412144018661376,5921,16912
674,788178268662984705,2370,7857
675,788150585577050112,1452,6670
676,788070120937619456,3812,0
677,788039637453406209,1482,6678
678,787810552592695296,3410,9412
679,787717603741622272,3104,11069
680,787397959788929025,3162,11763
681,787322443945877504,1949,8448
682,787111942498508800,7483,0
683,786963064373534720,8929,28827
684,786729988674449408,2698,0
685,786709082849828864,6794,19736
686,786664955043049472,2866,11562
687,786595970293370880,3461,10194
688,786363235746385920,3914,11820
689,786286427768250368,3194,8650
690,786233965241827333,5340,16618
691,786051337297522688,171,1557
692,786036967502913536,7891,0
693,785927819176054784,3530,12321
694,785872687017132033,2031,7250
695,785639753186217984,2469,8481
696,785533386513321988,2242,9880
697,785515384317313025,1411,6615
698,785264754247995392,1830,7875
699,785170936622350336,5425,13117
700,784826020293709826,3589,10983
701,784517518371221505,2828,9719
702,784431430411685888,1428,6164
703,784183165795655680,8995,21788
704,784057939640352768,12441,32414
705,783839966405230592,12059,32576
706,783821107061198850,2198,7977
707,783695101801398276,3588,11308
708,783466772167098368,2511,9158
709,783391753726550016,6150,18296
710,783347506784731136,6259,0
711,783334639985389568,13070,31663
712,783085703974514689,2474,8817
713,782969140009107456,8204,26135
714,782747134529531904,1555,8081
715,782722598790725632,6012,18677
716,782598640137187329,2089,8421
717,782305867769217024,6199,18053
718,782021823840026624,6952,0
719,781955203444699136,3739,12013
720,781661882474196992,3011,11305
721,781655249211752448,1247,4333
722,781524693396357120,6175,22449
723,781308096455073793,2832,7717
724,781251288990355457,2338,9120
725,781163403222056960,3034,10557
726,780931614150983680,8179,23407
727,780858289093574656,2216,7785
728,780800785462489090,1445,5970
729,780601303617732608,3703,13060
730,780543529827336192,1929,6813
731,780496263422808064,4134,0
732,780476555013349377,129,0
733,780459368902959104,1184,5709
734,780192070812196864,2486,9417
735,780092040432480260,2560,0
736,780074436359819264,5559,13249
737,779834332596887552,7891,20565
738,779377524342161408,3458,9547
739,779124354206535695,20456,0
740,779123168116150273,4048,12757
741,779056095788752897,5035,15996
742,778990705243029504,8103,21655
743,778774459159379968,11071,0
744,778764940568104960,408,926
745,778748913645780993,1484,7458
746,778650543019483137,1662,6240
747,778624900596654080,1124,5015
748,778408200802557953,4838,14742
749,778396591732486144,13608,0
750,778383385161035776,1224,6311
751,778286810187399168,3682,11223
752,778039087836069888,2932,9157
753,778027034220126208,1806,7092
754,777953400541634568,3908,0
755,777885040357281792,1822,6869
756,777684233540206592,3270,12127
757,777641927919427584,4727,0
758,777621514455814149,2768,9475
759,777189768882946048,4808,15465
760,776819012571455488,15244,0
761,776813020089548800,1339,5262
762,776477788987613185,3117,9562
763,776249906839351296,10173,0
764,776218204058357768,17711,32404
765,776201521193218049,2796,10357
766,776113305656188928,4830,12688
767,776088319444877312,168,1982
768,775898661951791106,17443,0
769,775842724423557120,2978,12651
770,775733305207554048,4446,14941
771,775729183532220416,5078,13935
772,775364825476165632,3311,8025
773,775350846108426240,4349,10963
774,775085132600442880,5244,16772
775,774757898236878852,1961,9213
776,774639387460112384,1924,7241
777,774314403806253056,6196,23467
778,773985732834758656,4311,11581
779,773922284943896577,1917,6898
780,773704687002451968,1819,7113
781,773670353721753600,1438,5742
782,773547596996571136,6832,23785
783,773336787167145985,5648,0
784,773308824254029826,8270,25039
785,773247561583001600,3558,10141
786,773191612633579521,4553,10777
787,772877495989305348,4295,9257
788,772826264096874500,2576,8595
789,772615324260794368,3729,0
790,772581559778025472,1877,6972
791,772193107915964416,1535,6479
792,772152991789019136,1241,4067
793,772117678702071809,809,4031
794,772114945936949249,521,2916
795,772102971039580160,1020,4315
796,771908950375665664,2100,7083
797,771770456517009408,3758,12947
798,771500966810099713,2898,8911
799,771380798096281600,5648,11339
800,771171053431250945,8363,0
801,771136648247640064,3231,9910
802,771102124360998913,1586,6708
803,771014301343748096,1829,7409
804,770787852854652928,1355,5346
805,770772759874076672,1567,5590
806,770655142660169732,1924,7893
807,770414278348247044,2273,6773
808,770293558247038976,1647,6721
809,770093767776997377,3361,0
810,770069151037685760,2547,8160
811,769940425801170949,10670,33880
812,769695466921623552,1835,6881
813,769335591808995329,8489,0
814,769212283578875904,1897,5803
815,768970937022709760,7236,15516
816,768909767477751808,2992,0
817,768855141948723200,985,4526
818,768609597686943744,1337,4433
819,768596291618299904,1410,5407
820,768554158521745409,6427,0
821,768473857036525572,3792,14659
822,768193404517830656,3908,11730
823,767884188863397888,1550,5107
824,767754930266464257,5953,17238
825,767500508068192258,2573,8053
826,767191397493538821,4216,13231
827,767122157629476866,3149,10878
828,766864461642756096,6258,0
829,766793450729734144,1500,5468
830,766714921925144576,424,2798
831,766693177336135680,872,4332
832,766423258543644672,1759,6481
833,766313316352462849,2080,7294
834,766078092750233600,2863,0
835,766069199026450432,959,4598
836,766008592277377025,545,4017
837,765719909049503744,2380,7787
838,765669560888528897,1345,5581
839,765395769549590528,3740,28347
840,765371061932261376,2373,7613
841,765222098633691136,3729,12496
842,764857477905154048,1952,6899
843,764259802650378240,1676,6511
844,763956972077010945,59,795
845,763837565564780549,4605,13568
846,763183847194451968,1630,5817
847,763167063695355904,3332,0
848,763103485927849985,2504,7909
849,762699858130116608,3993,13092
850,762471784394268675,7181,12147
851,762464539388485633,4649,11124
852,762316489655476224,1245,5187
853,762035686371364864,17202,34384
854,761976711479193600,2227,5815
855,761750502866649088,4351,0
856,761745352076779520,944,4576
857,761672994376806400,31987,53204
858,761599872357261312,1294,4436
859,761371037149827077,19741,0
860,761334018830917632,1600,5601
861,761292947749015552,1212,4805
862,761227390836215808,1711,5715
863,761004547850530816,3812,12119
864,760893934457552897,1069,4098
865,760656994973933572,2116,7101
866,760641137271070720,1420,5316
867,760539183865880579,3991,8135
868,760521673607086080,1538,4543
869,760290219849637889,12637,28758
870,760252756032651264,951,4231
871,760190180481531904,1995,6121
872,760153949710192640,35,0
873,759943073749200896,2306,6377
874,759923798737051648,6258,15759
875,759846353224826880,2186,7218
876,759793422261743616,2097,6398
877,759566828574212096,23293,0
878,759557299618865152,1291,5049
879,759447681597108224,2698,9121
880,759446261539934208,536,1791
881,759197388317847553,2133,6501
882,759159934323924993,1293,0
883,759099523532779520,4607,15606
884,759047813560868866,2217,6998
885,758854675097526272,984,3807
886,758828659922702336,4207,11984
887,758740312047005698,1754,6139
888,758474966123810816,1087,4097
889,758467244762497024,2450,5152
890,758405701903519748,2112,5577
891,758355060040593408,1192,3676
892,758099635764359168,11071,20610
893,758041019896193024,414,2908
894,757741869644341248,3574,7389
895,757729163776290825,8924,0
896,757725642876129280,1338,4860
897,757611664640446465,1229,4879
898,757597904299253760,322,0
899,757596066325864448,1167,4666
900,757400162377592832,7507,16263
901,757393109802180609,1920,6263
902,757354760399941633,1562,4842
903,756998049151549440,2186,6722
904,756939218950160384,2207,7123
905,756651752796094464,1451,5441
906,756526248105566208,3976,11159
907,756303284449767430,1191,4244
908,756288534030475264,19213,45791
909,756275833623502848,1684,6916
910,755955933503782912,3171,7874
911,755206590534418437,5908,17655
912,755110668769038337,12153,22765
913,754874841593970688,8808,0
914,754856583969079297,2769,7374
915,754747087846248448,574,2761
916,754482103782404096,2139,5692
917,754449512966619136,809,4014
918,754120377874386944,2563,8393
919,753655901052166144,2393,6266
920,753420520834629632,3910,8478
921,753398408988139520,2106,6210
922,753375668877008896,2560,8170
923,753298634498793472,6336,0
924,753294487569522689,1148,3644
925,753039830821511168,22992,39755
926,753026973505581056,1068,4172
927,752932432744185856,7483,13525
928,752917284578922496,1723,7366
929,752701944171524096,3163,0
930,752682090207055872,1763,6428
931,752660715232722944,1728,4725
932,752568224206688256,2508,5939
933,752519690950500352,3772,7903
934,752334515931054080,1209,4089
935,752309394570878976,18283,0
936,752173152931807232,2027,6375
937,751950017322246144,1020,3297
938,751937170840121344,1473,5584
939,751830394383790080,2148,6207
940,751793661361422336,3200,6272
941,751598357617971201,3319,8453
942,751583847268179968,1226,4719
943,751538714308972544,1392,5395
944,751456908746354688,1091,3424
945,751251247299190784,6439,13383
946,751205363882532864,2009,6755
947,751132876104687617,1432,5443
948,750868782890057730,1518,5124
949,750719632563142656,5529,14136
950,750506206503038976,1262,4775
951,750429297815552001,4727,14095
952,750383411068534784,1242,4861
953,750381685133418496,35,738
954,750147208377409536,1057,3308
955,750132105863102464,1391,3882
956,750117059602808832,1423,4616
957,750101899009982464,920,3253
958,750086836815486976,597,2320
959,750071704093859840,3651,8393
960,750056684286914561,977,3350
961,750041628174217216,676,3396
962,750026558547456000,865,2901
963,750011400160841729,997,3467
964,749996283729883136,882,3230
965,749981277374128128,2683,5469
966,749774190421639168,1432,4971
967,749417653287129088,1825,6528
968,749403093750648834,600,2807
969,749395845976588288,3790,9204
970,749317047558017024,2425,5867
971,749075273010798592,2262,6161
972,749064354620928000,1650,5116
973,749036806121881602,851,3310
974,748977405889503236,3730,11462
975,748932637671223296,2468,6244
976,748705597323898880,1034,2955
977,748699167502000129,1754,5071
978,748692773788876800,1452,4526
979,748575535303884801,2179,6482
980,748568946752774144,730,2327
981,748346686624440324,1344,5583
982,748337862848962560,4511,8217
983,748324050481647620,837,3962
984,748307329658011649,780,3918
985,748220828303695873,8511,15082
986,747963614829678593,2349,6190
987,747933425676525569,2789,7080
988,747885874273214464,1083,3154
989,747844099428986880,817,2999
990,747816857231626240,1270,5184
991,747651430853525504,171,1471
992,747648653817413632,6377,13761
993,747600769478692864,599,2478
994,747594051852075008,1151,3935
995,747512671126323200,1730,5925
996,747461612269887489,1132,4126
997,747439450712596480,2096,5800
998,747242308580548608,3143,0
999,747219827526344708,1724,5636
1000,747204161125646336,1002,3607
1001,747103485104099331,4364,10224
1002,746906459439529985,326,3079
1003,746872823977771008,2344,6383
1004,746818907684614144,1877,5644
1005,746790600704425984,1733,5185
1006,746757706116112384,4243,10194
1007,746726898085036033,1952,6438
1008,746542875601690625,2036,5363
1009,746521445350707200,1070,0
1010,746507379341139972,1174,4940
1011,746369468511756288,1800,6589
1012,746131877086527488,2401,7354
1013,746056683365994496,895,3779
1014,745789745784041472,1164,4306
1015,745712589599014916,2532,7444
1016,745433870967832576,2770,7559
1017,745422732645535745,2650,9137
1018,745314880350101504,3019,7628
1019,745074613265149952,3838,8341
1020,745057283344719872,2487,7703
1021,744995568523612160,683,3178
1022,744971049620602880,2934,8382
1023,744709971296780288,1694,5956
1024,744334592493166593,2330,7200
1025,744234799360020481,81795,152241
1026,744223424764059648,405,1807
1027,743980027717509120,1184,4417
1028,743895849529389061,1042,3877
1029,743835915802583040,2275,0
1030,743609206067040256,1496,4774
1031,743595368194129920,7140,19640
1032,743545585370791937,1017,3745
1033,743510151680958465,4019,8405
1034,743253157753532416,1315,4500
1035,743222593470234624,2072,6589
1036,743210557239623680,1477,4074
1037,742534281772302336,3855,7496
1038,742528092657332225,2165,4725
1039,742465774154047488,4220,7709
1040,742423170473463808,4134,10457
1041,742385895052087300,2165,7218
1042,742161199639494656,1492,4610
1043,742150209887731712,1697,5470
1044,741793263812808706,1642,4845
1045,741743634094141440,3002,8689
1046,741438259667034112,909,3899
1047,741303864243200000,3512,9318
1048,741099773336379392,6019,10670
1049,741067306818797568,3361,10028
1050,740995100998766593,3004,6808
1051,740711788199743490,1014,3623
1052,740699697422163968,845,3008
1053,740676976021798912,7408,19279
1054,740373189193256964,14479,36858
1055,740365076218183684,472,2637
1056,740359016048689152,928,3503
1057,740214038584557568,2134,7113
1058,739979191639244800,6427,21182
1059,739932936087216128,1174,4305
1060,739844404073074688,925,4023
1061,739623569819336705,1478,4042
1062,739606147276148736,1802,5717
1063,739544079319588864,23293,42205
1064,739485634323156992,3195,7649
1065,739238157791694849,62603,120605
1066,738891149612572673,6,113
1067,738885046782832640,1237,4001
1068,738883359779196928,883,3546
1069,738537504001953792,1698,5414
1070,738402415918125056,924,3476
1071,738184450748633089,1318,4587
1072,738166403467907072,3704,9334
1073,738156290900254721,714,2685
1074,737826014890496000,1921,5588
1075,737800304142471168,3757,10594
1076,737678689543020544,1456,5352
1077,737445876994609152,4846,10947
1078,737322739594330112,879,3826
1079,737310737551491075,8039,15594
1080,736736130620620800,1887,4585
1081,736392552031657984,8063,18844
1082,736365877722001409,1359,4237
1083,736225175608430592,3003,8632
1084,736010884653420544,3230,8389
1085,735991953473572864,1247,3826
1086,735648611367784448,1188,4256
1087,735635087207878657,2563,6565
1088,735274964362878976,5501,13797
1089,735256018284875776,960,3555
1090,735137028879360001,1049,3321
1091,734912297295085568,557,2907
1092,734787690684657664,6820,13331
1093,734776360183431168,586,2658
1094,734559631394082816,430,1586
1095,733828123016450049,840,3807
1096,733822306246479872,1094,3890
1097,733482008106668032,1028,3335
1098,733460102733135873,1389,4460
1099,733109485275860992,17443,47302
1100,732732193018155009,581,2587
1101,732726085725589504,958,3743
1102,732585889486888962,838,3905
1103,732375214819057664,2725,8562
1104,732005617171337216,5913,15821
1105,731285275100512256,1070,3694
1106,731156023742988288,1378,4061
1107,730924654643314689,2149,6490
1108,730573383004487680,2338,5214
1109,730427201120833536,1127,3673
1110,730211855403241472,1143,4052
1111,730196704625098752,2082,5173
1112,729854734790754305,1213,4269
1113,729838605770891264,416,1802
1114,729823566028484608,1339,4224
1115,729463711119904772,2490,6148
1116,729113531270991872,356,2000
1117,728986383096946689,885,3353
1118,728760639972315136,1840,4945
1119,728751179681943552,735,2954
1120,728653952833728512,1127,3511
1121,728409960103686147,2178,5212
1122,728387165835677696,1037,3887
1123,728046963732717569,1267,4559
1124,728035342121635841,1808,4811
1125,728015554473250816,1187,4337
1126,727685679342333952,690,3108
1127,727644517743104000,1897,6246
1128,727524757080539137,1324,4731
1129,727314416056803329,809,3516
1130,727286334147182592,880,3215
1131,727175381690781696,1482,4099
1132,727155742655025152,1428,3854
1133,726935089318363137,2654,7287
1134,726887082820554753,1630,4057
1135,726828223124897792,1091,3761
1136,726224900189511680,1254,4674
1137,725842289046749185,2863,7450
1138,725786712245440512,1467,4407
1139,725729321944506368,1927,5495
1140,725458796924002305,671,1490
1141,724983749226668032,1412,3916
1142,724771698126512129,693,2505
1143,724405726123311104,1782,5619
1144,724049859469295616,1910,4586
1145,724046343203856385,602,2819
1146,724004602748780546,1713,4432
1147,723912936180330496,1318,4114
1148,723688335806480385,3220,8155
1149,723673163800948736,963,3207
1150,723179728551723008,2029,5600
1151,722974582966214656,1704,4357
1152,722613351520608256,1767,5240
1153,721503162398597120,2029,4930
1154,721001180231503872,663,2674
1155,720785406564900865,841,3299
1156,720775346191278080,738,2623
1157,720415127506415616,1610,4360
1158,720389942216527872,2730,6782
1159,720340705894408192,1051,3036
1160,720059472081784833,1221,4120
1161,720043174954147842,2169,5179
1162,719991154352222208,1895,5107
1163,719704490224398336,1571,4834
1164,719551379208073216,2094,5344
1165,719367763014393856,798,2952
1166,719339463458033665,1353,4674
1167,719332531645071360,1033,3612
1168,718971898235854848,1188,3692
1169,718939241951195136,1902,5535
1170,718631497683582976,8736,20020
1171,718613305783398402,521,2578
1172,718540630683709445,1092,2634
1173,718460005985447936,575,2865
1174,718454725339934721,1628,5152
1175,718246886998687744,539,2039
1176,718234618122661888,1082,4100
1177,717841801130979328,644,2596
1178,717790033953034240,1218,3057
1179,717537687239008257,1991,6094
1180,717428917016076293,491,1692
1181,717421804990701568,913,3334
1182,717047459982213120,2054,6628
1183,717009362452090881,1053,3458
1184,716802964044845056,1268,4517
1185,716791146589110272,1500,5848
1186,716730379797970944,460,1302
1187,716447146686459905,6353,13870
1188,716439118184652801,232,2496
1189,716285507865542656,1174,2937
1190,716080869887381504,1876,5160
1191,715928423106027520,946,3379
1192,715758151270801409,1539,3954
1193,715733265223708672,1835,4945
1194,715704790270025728,606,2958
1195,715696743237730304,1394,4129
1196,715680795826982913,1751,4570
1197,715360349751484417,1699,5788
1198,715342466308784130,739,3202
1199,715220193576927233,710,2558
1200,715200624753819648,2040,5421
1201,715009755312439296,1333,4413
1202,714982300363173890,1113,3970
1203,714962719905021952,4619,7783
1204,714957620017307648,1535,4373
1205,714631576617938945,1081,3461
1206,714606013974974464,1007,3831
1207,714485234495041536,1255,2874
1208,714258258790387713,778,3177
1209,714251586676113411,911,3462
1210,714214115368108032,947,2401
1211,714141408463036416,1512,4549
1212,713919462244790272,841,3464
1213,713909862279876608,592,2025
1214,713900603437621249,806,2992
1215,713761197720473600,1487,5175
1216,713411074226274305,1398,4665
1217,713177543487135744,3066,7617
1218,713175907180089344,1567,4729
1219,712809025985978368,7270,19683
1220,712717840512598017,5409,13078
1221,712668654853337088,1314,4409
1222,712438159032893441,1689,5637
1223,712309440758808576,25,258
1224,712097430750289920,1117,4021
1225,712092745624633345,973,3114
1226,712085617388212225,525,3429
1227,712065007010385924,670,2400
1228,711998809858043904,136,0
1229,711968124745228288,2498,8523
1230,711743778164514816,1070,3005
1231,711732680602345472,4459,9428
1232,711694788429553666,19741,34785
1233,711652651650457602,992,4099
1234,711363825979756544,1227,3874
1235,711306686208872448,794,3505
1236,711008018775851008,674,3170
1237,710997087345876993,1505,4819
1238,710844581445812225,745,2696
1239,710833117892898816,583,2847
1240,710658690886586372,610,2448
1241,710609963652087808,2539,5079
1242,710588934686908417,2033,4824
1243,710296729921429505,797,2511
1244,710283270106132480,559,2254
1245,710272297844797440,1365,4788
1246,710269109699739648,1220,2543
1247,710153181850935296,968,3074
1248,710140971284037632,969,2932
1249,710117014656950272,2147,5816
1250,709918798883774466,1160,3154
1251,709901256215666688,107,712
1252,709852847387627521,1292,3705
1253,709566166965075968,1306,3744
1254,709556954897764353,1150,3474
1255,709519240576036864,260,1577
1256,709449600415961088,644,2356
1257,709409458133323776,754,2776
1258,709225125749587968,624,2536
1259,709207347839836162,6318,13367
1260,709198395643068416,690,2557
1261,709179584944730112,730,2134
1262,709158332880297985,452,2169
1263,709042156699303936,1783,5040
1264,708853462201716736,708,1897
1265,708845821941387268,972,3150
1266,708834316713893888,546,1805
1267,708810915978854401,7538,17479
1268,708738143638450176,885,2899
1269,708711088997666817,792,2708
1270,708479650088034305,734,2701
1271,708469915515297792,889,3264
1272,708400866336894977,10944,16964
1273,708356463048204288,1459,3828
1274,708349470027751425,797,2495
1275,708149363256774660,1665,4529
1276,708130923141795840,911,3589
1277,708119489313951744,1058,2846
1278,708109389455101952,585,2045
1279,708026248782585858,2084,4632
1280,707995814724026368,1217,3295
1281,707983188426153984,2,51
1282,707969809498152960,1051,2863
1283,707776935007539200,1025,3472
1284,707741517457260545,660,2641
1285,707738799544082433,2676,4343
1286,707693576495472641,1082,3636
1287,707629649552134146,952,2735
1288,707610948723478529,6952,17966
1289,707420581654872064,752,2414
1290,707411934438625280,649,2417
1291,707387676719185920,1414,3716
1292,707377100785885184,1170,3489
1293,707315916783140866,693,2619
1294,707297311098011648,865,2929
1295,707059547140169728,731,2732
1296,707038192327901184,865,2329
1297,707021089608753152,1485,4313
1298,707014260413456384,646,2440
1299,706904523814649856,8489,15464
1300,706901761596989440,648,2196
1301,706681918348251136,1050,3525
1302,706644897839910912,1188,2734
1303,706593038911545345,680,2289
1304,706538006853918722,1531,3667
1305,706516534877929472,1119,3289
1306,706346369204748288,997,3650
1307,706310011488698368,8665,22743
1308,706291001778950144,509,1803
1309,706265994973601792,995,2887
1310,706169069255446529,2408,4149
1311,706166467411222528,1747,5464
1312,706153300320784384,417,1587
1313,705975130514706432,801,3289
1314,705970349788291072,967,3335
1315,705898680587526145,608,2518
1316,705786532653883392,578,2070
1317,705591895322394625,1245,3363
1318,705475953783398401,1002,3141
1319,705442520700944385,1793,4727
1320,705428427625635840,1834,4052
1321,705239209544720384,815,3180
1322,705223444686888960,875,2741
1323,705102439679201280,555,2285
1324,705066031337840642,658,2310
1325,704871453724954624,1206,4531
1326,704859558691414016,593,2396
1327,704847917308362754,1663,5429
1328,704819833553219584,1088,2804
1329,704761120771465216,3143,7052
1330,704499785726889984,1083,3121
1331,704491224099647488,91,812
1332,704480331685040129,1148,3618
1333,704364645503647744,3852,8539
1334,704347321748819968,383,1687
1335,704134088924532736,507,1609
1336,704113298707505153,611,1971
1337,704054845121142784,999,3102
1338,703774238772166656,503,1961
1339,703769065844768768,1234,3500
1340,703631701117943808,751,2760
1341,703611486317502464,1648,4100
1342,703425003149250560,1503,4036
1343,703407252292673536,761,2615
1344,703382836347330562,1241,3726
1345,703356393781329922,420,2028
1346,703268521220972544,600,2092
1347,703079050210877440,3361,7833
1348,703041949650034688,13608,28041
1349,702932127499816960,784,2753
1350,702899151802126337,486,1711
1351,702684942141153280,1169,3415
1352,702671118226825216,605,2325
1353,702598099714314240,3552,10999
1354,702539513671897089,1045,3051
1355,702332542343577600,1689,3398
1356,702321140488925184,1121,3481
1357,702276748847800320,828,2633
1358,702217446468493312,1457,5106
1359,701981390485725185,1075,3654
1360,701952816642965504,1107,4040
1361,701889187134500865,1494,3784
1362,701805642395348998,1838,3647
1363,701601587219795968,499,2219
1364,701570477911896070,1017,2995
1365,701545186879471618,662,2818
1366,701214700881756160,5546,12983
1367,700890391244103680,621,2360
1368,700864154249383937,664,2755
1369,700847567345688576,541,2585
1370,700796979434098688,1038,2584
1371,700747788515020802,10173,24277
1372,700518061187723268,867,2798
1373,700505138482569216,621,2421
1374,700462010979500032,1954,4406
1375,700167517596164096,811,2814
1376,700151421916807169,716,2385
1377,700143752053182464,2992,8007
1378,700062718104104960,753,2808
1379,700029284593901568,630,2197
1380,700002074055016451,1459,3521
1381,699801817392291840,1044,3240
1382,699788877217865730,538,2389
1383,699779630832685056,1340,2944
1384,699775878809702401,660,2083
1385,699691744225525762,4983,10901
1386,699446877801091073,2835,6306
1387,699434518667751424,554,2310
1388,699423671849451520,360,1453
1389,699413908797464576,672,2193
1390,699370870310113280,476,1999
1391,699323444782047232,937,3355
1392,699088579889332224,681,2377
1393,699079609774645248,713,2599
1394,699072405256409088,1287,3190
1395,699060279947165696,1963,4018
1396,699036661657767936,1296,2779
1397,698989035503689728,1067,3599
1398,698953797952008193,977,2881
1399,698907974262222848,675,2698
1400,698710712454139905,743,2635
1401,698703483621523456,411,1546
1402,698635131305795584,369,1367
1403,698549713696649216,669,2462
1404,698355670425473025,488,1989
1405,698342080612007937,1028,2409
1406,698262614669991936,2177,5046
1407,698195409219559425,6475,17816
1408,698178924120031232,800,2980
1409,697995514407682048,362,1624
1410,697990423684476929,1403,3492
1411,697943111201378304,752,2554
1412,697881462549430272,1288,3216
1413,697630435728322560,585,1858
1414,697616773278015490,1096,3360
1415,697596423848730625,1365,3228
1416,697575480820686848,550,2166
1417,697516214579523584,1229,2203
1418,697482927769255936,738,2578
1419,697463031882764288,1497,3626
1420,697270446429966336,2020,4962
1421,697259378236399616,1079,3488
1422,697255105972801536,1259,3209
1423,697242256848379904,722,2675
1424,696900204696625153,1111,3401
1425,696894894812565505,733,2496
1426,696886256886657024,1939,5139
1427,696877980375769088,773,2597
1428,696754882863349760,387,1567
1429,696744641916489729,1024,2209
1430,696713835009417216,704,2529
1431,696518437233913856,1838,4146
1432,696490539101908992,161,1298
1433,696488710901260288,1121,2696
1434,696405997980676096,1236,3417
1435,696100768806522880,721,2063
1436,695816827381944320,1275,3194
1437,695794761660297217,849,3385
1438,695767669421768709,809,1993
1439,695629776980148225,2280,4860
1440,695446424020918272,1962,4643
1441,695409464418041856,3869,9164
1442,695314793360662529,1595,3873
1443,695095422348574720,667,2804
1444,695074328191332352,1195,3021
1445,695064344191721472,653,1713
1446,695051054296211456,854,2831
1447,694925794720792577,993,2865
1448,694905863685980160,1015,2943
1449,694669722378485760,15679,37956
1450,694356675654983680,312,1604
1451,694352839993344000,672,2165
1452,694342028726001664,529,1677
1453,694329668942569472,543,2135
1454,694206574471057408,2205,4455
1455,694183373896572928,1006,3127
1456,694001791655137281,1122,3602
1457,693993230313091072,437,1992
1458,693942351086120961,400,1842
1459,693647888581312512,644,2865
1460,693644216740769793,140,1428
1461,693642232151285760,451,2704
1462,693629975228977152,869,2601
1463,693622659251335168,399,1639
1464,693590843962331137,2135,5385
1465,693582294167244802,277,1745
1466,693486665285931008,681,1888
1467,693280720173801472,1352,3574
1468,693267061318012928,889,2542
1469,693262851218264065,545,2371
1470,693231807727280129,797,3043
1471,693155686491000832,3470,8392
1472,693109034023534592,668,1833
1473,693095443459342336,502,1995
1474,692919143163629568,806,2841
1475,692905862751522816,951,2592
1476,692901601640583168,658,1901
1477,692894228850999298,874,2419
1478,692828166163931137,958,3061
1479,692752401762250755,3939,7268
1480,692568918515392513,1666,4618
1481,692535307825213440,1472,3393
1482,692530551048294401,456,1970
1483,692423280028966913,252,1573
1484,692417313023332352,3775,9943
1485,692187005137076224,890,2680
1486,692158366030913536,863,2294
1487,692142790915014657,427,1748
1488,692041934689402880,1381,3621
1489,692017291282812928,1039,3050
1490,691820333922455552,1792,4195
1491,691793053716221953,4555,8632
1492,691756958957883396,1107,3071
1493,691675652215414786,552,2067
1494,691483041324204033,615,2527
1495,691459709405118465,1248,4320
1496,691444869282295808,918,2820
1497,691416866452082688,8301,20563
1498,691321916024623104,716,2743
1499,691096613310316544,971,3151
1500,691090071332753408,363,1811
1501,690989312272396288,3124,6285
1502,690959652130045952,1362,3807
1503,690938899477221376,2169,4406
1504,690932576555528194,1109,3494
1505,690735892932222976,1392,4018
1506,690728923253055490,563,2307
1507,690690673629138944,861,2477
1508,690649993829576704,305,1389
1509,690607260360429569,18,307
1510,690597161306841088,653,2092
1511,690400367696297985,490,1988
1512,690374419777196032,935,3461
1513,690360449368465409,967,2822
1514,690348396616552449,554,1597
1515,690248561355657216,446,1793
1516,690021994562220032,1123,2978
1517,690015576308211712,804,2668
1518,690005060500217858,1834,3896
1519,689999384604450816,410,1519
1520,689993469801164801,500,1565
1521,689977555533848577,484,1453
1522,689905486972461056,752,2582
1523,689877686181715968,1288,3209
1524,689835978131935233,818,2303
1525,689661964914655233,1007,3404
1526,689659372465688576,4232,11044
1527,689623661272240129,705,2379
1528,689599056876867584,6005,12381
1529,689557536375177216,503,2185
1530,689517482558820352,1557,3609
1531,689289219123089408,1010,2395
1532,689283819090870273,1202,3496
1533,689280876073582592,781,2127
1534,689275259254616065,268,1232
1535,689255633275777024,1171,2722
1536,689154315265683456,1091,3258
1537,689143371370250240,559,2155
1538,688916208532455424,947,2909
1539,688908934925697024,842,2255
1540,688898160958271489,853,2240
1541,688894073864884227,756,2372
1542,688828561667567616,401,1466
1543,688804835492233216,213,1021
1544,688789766343622656,725,2355
1545,688547210804498433,764,2777
1546,688519176466644993,792,2456
1547,688385280030670848,4839,9889
1548,688211956440801280,911,2366
1549,688179443353796608,639,2250
1550,688116655151435777,853,2995
1551,688064179421470721,390,1829
1552,687841446767013888,2755,5817
1553,687826841265172480,1234,2907
1554,687818504314159109,1029,2661
1555,687807801670897665,761,2543
1556,687732144991551489,714,1878
1557,687704180304273409,916,2597
1558,687664829264453632,557,2063
1559,687494652870668288,626,2036
1560,687480748861947905,269,1699
1561,687476254459715584,584,2095
1562,687460506001633280,589,2174
1563,687399393394311168,682,2022
1564,687317306314240000,9962,21407
1565,687312378585812992,2071,4630
1566,687127927494963200,2488,5813
1567,687124485711986689,553,2307
1568,687109925361856513,2685,6177
1569,687102708889812993,1077,2489
1570,687096057537363968,659,2390
1571,686947101016735744,3452,9147
1572,686760001961103360,1497,3745
1573,686749460672679938,1591,3684
1574,686730991906516992,1305,4416
1575,686683045143953408,875,2984
1576,686618349602762752,1478,3909
1577,686606069955735556,586,2007
1578,686394059078897668,743,1865
1579,686386521809772549,959,3462
1580,686377065986265092,610,2358
1581,686358356425093120,744,2335
1582,686286779679375361,1811,4257
1583,686050296934563840,801,2345
1584,686035780142297088,133,1228
1585,686034024800862208,1273,3319
1586,686007916130873345,454,2628
1587,686003207160610816,693,1933
1588,685973236358713344,581,2241
1589,685943807276412928,664,1738
1590,685906723014619143,3159,8000
1591,685681090388975616,138,2161
1592,685667379192414208,627,2490
1593,685663452032069632,1594,3458
1594,685641971164143616,843,3120
1595,685547936038666240,17071,35054
1596,685532292383666176,1249,3241
1597,685325112850124800,4351,10092
1598,685321586178670592,703,2815
1599,685315239903100929,1173,3557
1600,685307451701334016,478,2196
1601,685268753634967552,1316,3307
1602,685198997565345792,730,2481
1603,685169283572338688,1549,4361
1604,684969860808454144,418,2515
1605,684959798585110529,3419,7255
1606,684940049151070208,1138,3420
1607,684926975086034944,512,3727
1608,684914660081053696,1591,3722
1609,684902183876321280,576,1997
1610,684880619965411328,896,2234
1611,684830982659280897,23503,37332
1612,684800227459624960,1080,2880
1613,684594889858887680,3847,9513
1614,684588130326986752,1530,4377
1615,684567543613382656,1344,3197
1616,684538444857667585,1048,2818
1617,684481074559381504,1268,4114
1618,684460069371654144,605,2099
1619,684241637099323392,3590,8676
1620,684225744407494656,229,1316
1621,684222868335505415,1508,4088
1622,684200372118904832,1122,2306
1623,684195085588783105,566,2040
1624,684188786104872960,1275,3697
1625,684177701129875456,730,2148
1626,684147889187209216,1628,3163
1627,684122891630342144,515,2120
1628,684097758874210310,1568,4370
1629,683857920510050305,1209,4043
1630,683852578183077888,380,2045
1631,683849932751646720,1067,2789
1632,683834909291606017,1203,2787
1633,683828599284170753,1147,2975
1634,683773439333797890,1476,3553
1635,683742671509258241,3624,6917
1636,683515932363329536,3163,7830
1637,683498322573824003,1039,3361
1638,683481228088049664,1079,2796
1639,683462770029932544,725,2587
1640,683449695444799489,1747,4131
1641,683391852557561860,2597,8099
1642,683357973142474752,1022,3125
1643,683142553609318400,1135,3058
1644,683111407806746624,989,3612
1645,683098815881154561,715,2304
1646,683078886620553216,611,2109
1647,683030066213818368,798,2293
1648,682962037429899265,18213,39341
1649,682808988178739200,197,1880
1650,682788441537560576,1216,2626
1651,682750546109968385,477,1617
1652,682697186228989953,391,1398
1653,682662431982772225,1172,3234
1654,682638830361513985,652,2185
1655,682429480204398592,1262,3641
1656,682406705142087680,1920,8057
1657,682393905736888321,743,2374
1658,682389078323662849,506,1774
1659,682303737705140231,1084,3268
1660,682259524040966145,1326,4432
1661,682242692827447297,1289,3454
1662,682088079302213632,10799,19481
1663,682059653698686977,1845,5273
1664,682047327939461121,1048,3411
1665,682032003584274432,2192,6991
1666,682003177596559360,1660,3346
1667,681981167097122816,1123,2952
1668,681891461017812993,896,2622
1669,681694085539872773,4405,13571
1670,681679526984871937,485,1872
1671,681654059175129088,1008,2805
1672,681610798867845120,515,2029
1673,681579835668455424,1425,3769
1674,681523177663676416,6336,15214
1675,681340665377193984,302,1745
1676,681339448655802368,4414,9867
1677,681320187870711809,822,2824
1678,681302363064414209,1995,4198
1679,681297372102656000,1043,3388
1680,681281657291280384,1197,3413
1681,681261549936340994,297,1542
1682,681242418453299201,589,1590
1683,681231109724700672,525,2541
1684,681193455364796417,1620,3940
1685,680970795137544192,721,2578
1686,680959110691590145,2159,4827
1687,680940246314430465,1148,3426
1688,680934982542561280,479,2201
1689,680913438424612864,673,2538
1690,680889648562991104,398,1871
1691,680836378243002368,1446,3661
1692,680805554198020098,722,2303
1693,680801747103793152,897,2509
1694,680798457301471234,1129,3032
1695,680609293079592961,776,2796
1696,680583894916304897,1456,3831
1697,680497766108381184,2076,4494
1698,680494726643068929,524,1817
1699,680473011644985345,809,2696
1700,680440374763077632,549,1539
1701,680221482581123072,315,1545
1702,680206703334408192,1277,3004
1703,680191257256136705,551,2276
1704,680176173301628928,1698,4140
1705,680161097740095489,795,2459
1706,680145970311643136,1892,3834
1707,680130881361686529,1033,2430
1708,680115823365742593,989,2877
1709,680100725817409536,1485,3793
1710,680085611152338944,9679,13563
1711,680070545539371008,953,2720
1712,680055455951884288,7747,17704
1713,679877062409191424,697,2082
1714,679872969355714560,718,2305
1715,679862121895714818,676,2614
1716,679854723806179328,1346,3032
1717,679844490799091713,838,2518
1718,679828447187857408,15244,38436
1719,679777920601223168,1215,3274
1720,679736210798047232,866,2218
1721,679729593985699840,895,2295
1722,679722016581222400,510,1754
1723,679530280114372609,2248,5043
1724,679527802031484928,791,2808
1725,679511351870550016,1392,3579
1726,679503373272485890,1608,3350
1727,679475951516934144,689,2223
1728,679462823135686656,20456,33645
1729,679405845277462528,1308,2520
1730,679158373988876288,8808,22782
1731,679148763231985668,1115,2937
1732,679132435750195208,1255,3135
1733,679111216690831360,2776,6305
1734,679062614270468097,8924,18088
1735,679047485189439488,739,2382
1736,679001094530465792,1336,2988
1737,678991772295516161,1276,2456
1738,678969228704284672,499,1736
1739,678800283649069056,978,2723
1740,678798276842360832,1290,3691
1741,678774928607469569,999,2946
1742,678767140346941444,1482,3732
1743,678764513869611008,519,1727
1744,678755239630127104,3594,7549
1745,678740035362037760,1848,3968
1746,678708137298427904,2639,5872
1747,678675843183484930,1608,3033
1748,678643457146150913,463,2167
1749,678446151570427904,1707,4224
1750,678424312106393600,2761,5728
1751,678410210315247616,1973,4472
1752,678399652199309312,29912,61268
1753,678396796259975168,455,1677
1754,678389028614488064,454,1974
1755,678380236862578688,977,2565
1756,678341075375947776,584,1824
1757,678334497360859136,288,1371
1758,678278586130948096,6571,12106
1759,678255464182861824,401,1668
1760,678023323247357953,420,2029
1761,678021115718029313,6882,14515
1762,677961670166224897,1815,3605
1763,677918531514703872,439,1419
1764,677895101218201600,2284,5094
1765,677716515794329600,1049,3209
1766,677700003327029250,1555,3573
1767,677698403548192770,343,1289
1768,677687604918272002,909,2609
1769,677673981332312066,1614,3521
1770,677662372920729601,1055,2052
1771,677644091929329666,859,1975
1772,677573743309385728,784,2252
1773,677565715327688705,489,1359
1774,677557565589463040,1253,2562
1775,677547928504967168,3914,7296
1776,677530072887205888,242,1122
1777,677335745548390400,1933,3212
1778,677334615166730240,317,1424
1779,677331501395156992,256,1147
1780,677328882937298944,1614,3822
1781,677314812125323265,581,1732
1782,677301033169788928,444,1311
1783,677269281705472000,758,2091
1784,677228873407442944,1759,3725
1785,677187300187611136,990,2876
1786,676975532580409345,1151,2921
1787,676957860086095872,870,2315
1788,676949632774234114,425,1365
1789,676948236477857792,941,2286
1790,676946864479084545,407,1782
1791,676942428000112642,819,2182
1792,676936541936185344,5288,13354
1793,676916996760600576,1931,3119
1794,676897532954456065,783,2363
1795,676864501615042560,769,2211
1796,676821958043033607,16806,24246
1797,676819651066732545,712,1885
1798,676811746707918848,456,1488
1799,676776431406465024,2164,5237
1800,676617503762681856,1055,3042
1801,676613908052996102,208,1141
1802,676606785097199616,470,1970
1803,676603393314578432,419,1229
1804,676593408224403456,2317,4810
1805,676590572941893632,138,963
1806,676588346097852417,861,2446
1807,676582956622721024,304,1261
1808,676575501977128964,1207,2711
1809,676533798876651520,598,1971
1810,676496375194980353,572,1589
1811,676470639084101634,5012,12189
1812,676440007570247681,717,1804
1813,676430933382295552,371,1465
1814,676263575653122048,586,2175
1815,676237365392908289,315,1279
1816,676219687039057920,33339,78509
1817,676215927814406144,630,1822
1818,676191832485810177,1099,2384
1819,676146341966438401,714,2004
1820,676121918416756736,1248,2244
1821,676101918813499392,1238,2936
1822,676098748976615425,1544,3161
1823,676089483918516224,458,1376
1824,675898130735476737,614,1716
1825,675891555769696257,935,2233
1826,675888385639251968,1029,2493
1827,675878199931371520,1499,4381
1828,675870721063669760,607,1720
1829,675853064436391936,1391,2815
1830,675849018447167488,162,984
1831,675845657354215424,954,2391
1832,675822767435051008,568,1593
1833,675820929667219457,244,1096
1834,675798442703122432,3621,10721
1835,675781562965868544,507,1688
1836,675740360753160193,371,1215
1837,675710890956750848,887,1982
1838,675707330206547968,741,2079
1839,675706639471788032,103,668
1840,675534494439489536,447,1895
1841,675531475945709568,413,1233
1842,675522403582218240,304,1081
1843,675517828909424640,489,1367
1844,675501075957489664,6221,17887
1845,675497103322386432,1383,3278
1846,675489971617296384,634,1354
1847,675483430902214656,1035,1925
1848,675432746517426176,603,1585
1849,675372240448454658,539,1778
1850,675362609739206656,243,1093
1851,675354435921575936,18283,34158
1852,675349384339542016,2410,4101
1853,675334060156301312,1373,2900
1854,675166823650848770,1728,3768
1855,675153376133427200,2776,6561
1856,675149409102012420,1791,3891
1857,675147105808306176,255,983
1858,675146535592706048,332,1246
1859,675145476954566656,961,2221
1860,675135153782571009,526,1350
1861,675113801096802304,830,2033
1862,675111688094527488,269,1004
1863,675109292475830276,1206,2903
1864,675047298674663426,347,1102
1865,675015141583413248,1275,2825
1866,675006312288268288,241,1016
1867,675003128568291329,502,1611
1868,674999807681908736,1175,2342
1869,674805413498527744,376,896
1870,674800520222154752,914,3129
1871,674793399141146624,1163,2608
1872,674790488185167872,270,1144
1873,674788554665512960,220,840
1874,674781762103414784,1283,2092
1875,674774481756377088,506,1174
1876,674767892831932416,851,1906
1877,674764817387900928,254,818
1878,674754018082705410,479,1405
1879,674752233200820224,492,1514
1880,674743008475090944,585,1456
1881,674742531037511680,54,508
1882,674739953134403584,420,1159
1883,674737130913071104,97,669
1884,674690135443775488,496,1188
1885,674670581682434048,689,1679
1886,674664755118911488,270,956
1887,674646392044941312,533,1491
1888,674644256330530816,290,1070
1889,674638615994089473,615,1743
1890,674632714662858753,612,1553
1891,674606911342424069,105,973
1892,674468880899788800,2186,6453
1893,674447403907457024,378,1100
1894,674436901579923456,417,1157
1895,674422304705744896,563,1482
1896,674416750885273600,148,705
1897,674410619106390016,494,1237
1898,674394782723014656,608,1554
1899,674372068062928900,327,879
1900,674330906434379776,77,579
1901,674318007229923329,548,1463
1902,674307341513269249,7351,11745
1903,674291837063053312,6259,15309
1904,674271431610523648,768,1622
1905,674269164442398721,240,928
1906,674265582246694913,893,1700
1907,674262580978937856,484,1348
1908,674255168825880576,594,1520
1909,674082852460433408,180,779
1910,674075285688614912,304,1013
1911,674063288070742018,2359,6592
1912,674053186244734976,1379,3447
1913,674051556661161984,508,1502
1914,674045139690631169,675,1466
1915,674042553264685056,135,744
1916,674038233588723717,432,1137
1917,674036086168010753,229,871
1918,674024893172875264,1298,1855
1919,674019345211760640,317,1173
1920,674014384960745472,687,1623
1921,674008982932058114,372,1238
1922,673956914389192708,1022,2023
1923,673919437611909120,385,1207
1924,673906403526995968,1717,3303
1925,673887867907739649,264,965
1926,673716320723169284,802,3186
1927,673715861853720576,2207,3675
1928,673711475735838725,315,1071
1929,673709992831262724,288,875
1930,673708611235921920,306,1108
1931,673707060090052608,413,1132
1932,673705679337693185,418,1295
1933,673700254269775872,600,1481
1934,673697980713705472,2071,3927
1935,673689733134946305,681,1798
1936,673688752737402881,521,1303
1937,673686845050527744,458,1491
1938,673680198160809984,491,1416
1939,673662677122719744,381,1292
1940,673656262056419329,255,738
1941,673636718965334016,389,1157
1942,673612854080196609,763,1637
1943,673583129559498752,388,1230
1944,673580926094458881,279,854
1945,673576835670777856,590,1426
1946,673363615379013632,326,1055
1947,673359818736984064,702,1502
1948,673355879178194945,617,1540
1949,673352124999274496,568,1709
1950,673350198937153538,222,757
1951,673345638550134785,1353,2608
1952,673343217010679808,281,1004
1953,673342308415348736,621,1309
1954,673320132811366400,8363,13937
1955,673317986296586240,278,893
1956,673295268553605120,3332,7758
1957,673270968295534593,389,1096
1958,673240798075449344,764,1461
1959,673213039743795200,889,2329
1960,673148804208660480,659,1756
1961,672997845381865473,757,2029
1962,672995267319328768,311,986
1963,672988786805112832,304,1006
1964,672984142909456390,567,1286
1965,672980819271634944,1048,1864
1966,672975131468300288,964,1738
1967,672970152493887488,373,987
1968,672968025906282496,573,1355
1969,672964561327235073,674,1465
1970,672902681409806336,529,1409
1971,672898206762672129,441,917
1972,672884426393653248,866,1599
1973,672877615439593473,388,1058
1974,672834301050937345,596,1352
1975,672828477930868736,510,1290
1976,672640509974827008,338,1000
1977,672622327801233409,518,1331
1978,672614745925664768,615,1262
1979,672609152938721280,407,1149
1980,672604026190569472,426,1144
1981,672594978741354496,633,1366
1982,672591762242805761,347,979
1983,672591271085670400,195,750
1984,672538107540070400,390,1060
1985,672523490734551040,180,665
1986,672488522314567680,456,1148
1987,672482722825261057,635,1170
1988,672481316919734272,128,734
1989,672475084225949696,733,1482
1990,672466075045466113,567,1395
1991,672272411274932228,3554,6653
1992,672267570918129665,640,1539
1993,672264251789176834,356,1179
1994,672256522047614977,1629,2898
1995,672254177670729728,770,1470
1996,672248013293752320,633,1779
1997,672245253877968896,162,707
1998,672239279297454080,335,920
1999,672231046314901505,1056,1892
2000,672222792075620352,222,807
2001,672205392827572224,1211,2329
2002,672169685991993344,386,1051
2003,672160042234327040,378,897
2004,672139350159835138,751,1802
2005,672125275208069120,1198,2478
2006,672095186491711488,384,1026
2007,672082170312290304,382,966
2008,672068090318987265,539,1337
2009,671896809300709376,4344,8714
2010,671891728106971137,590,1369
2011,671882082306625538,1440,3567
2012,671879137494245376,723,1466
2013,671874878652489728,580,1288
2014,671866342182637568,524,1161
2015,671855973984772097,475,938
2016,671789708968640512,3649,7284
2017,671768281401958400,547,1233
2018,671763349865160704,968,1736
2019,671744970634719232,804,1386
2020,671743150407421952,239,761
2021,671735591348891648,788,1484
2022,671729906628341761,4571,8777
2023,671561002136281088,7583,13224
2024,671550332464455680,216,940
2025,671547767500775424,623,1390
2026,671544874165002241,1094,2053
2027,671542985629241344,594,1125
2028,671538301157904385,415,953
2029,671536543010570240,427,1209
2030,671533943490011136,603,1051
2031,671528761649688577,270,863
2032,671520732782923777,554,1439
2033,671518598289059840,303,975
2034,671511350426865664,761,1664
2035,671504605491109889,3698,7255
2036,671497587707535361,468,946
2037,671488513339211776,491,1042
2038,671486386088865792,214,601
2039,671485057807351808,241,787
2040,671390180817915904,767,1461
2041,671362598324076544,307,1147
2042,671357843010908160,154,415
2043,671355857343524864,117,491
2044,671347597085433856,450,998
2045,671186162933985280,222,756
2046,671182547775299584,359,1156
2047,671166507850801152,369,898
2048,671163268581498880,1159,1709
2049,671159727754231808,85,387
2050,671154572044468225,227,744
2051,671151324042559489,160,692
2052,671147085991960577,240,692
2053,671141549288370177,684,1206
2054,671138694582165504,421,957
2055,671134062904504320,200,769
2056,671122204919246848,2646,3600
2057,671115716440031232,809,1396
2058,671109016219725825,459,1177
2059,670995969505435648,305,1137
2060,670842764863651840,9181,25302
2061,670840546554966016,205,614
2062,670838202509447168,729,1147
2063,670833812859932673,128,461
2064,670832455012716544,230,756
2065,670826280409919488,4259,5741
2066,670823764196741120,199,799
2067,670822709593571328,101,630
2068,670815497391357952,1618,3266
2069,670811965569282048,282,1163
2070,670807719151067136,512,1183
2071,670804601705242624,995,2035
2072,670803562457407488,91,349
2073,670797304698376195,248,753
2074,670792680469889025,288,857
2075,670789397210615808,250,684
2076,670786190031921152,210,618
2077,670783437142401025,413,841
2078,670782429121134593,816,1620
2079,670780561024270336,298,800
2080,670778058496974848,74,336
2081,670764103623966721,441,1105
2082,670755717859713024,119,459
2083,670733412878163972,530,989
2084,670727704916926465,381,854
2085,670717338665226240,518,1250
2086,670704688707301377,387,782
2087,670691627984359425,253,605
2088,670679630144274432,302,767
2089,670676092097810432,45,258
2090,670668383499735048,5273,11054
2091,670474236058800128,800,1579
2092,670468609693655041,89,361
2093,670465786746662913,581,999
2094,670452855871037440,217,565
2095,670449342516494336,700,1224
2096,670444955656130560,2070,6905
2097,670442337873600512,205,669
2098,670435821946826752,547,1082
2099,670434127938719744,675,1441
2100,670433248821026816,118,335
2101,670428280563085312,668,1428
2102,670427002554466305,172,533
2103,670421925039075328,669,1353
2104,670420569653809152,331,646
2105,670417414769758208,337,585
2106,670411370698022913,945,2096
2107,670408998013820928,233,572
2108,670403879788544000,163,442
2109,670385711116361728,220,577
2110,670374371102445568,280,764
2111,670361874861563904,69,338
2112,670338931251150849,117,437
2113,670319130621435904,1293,3967
2114,670303360680108032,141,439
2115,670290420111441920,298,724
2116,670093938074779648,353,1065
2117,670086499208155136,261,717
2118,670079681849372674,1308,2292
2119,670073503555706880,826,1613
2120,670069087419133954,255,650
2121,670061506722140161,361,785
2122,670055038660800512,344,690
2123,670046952931721218,183,662
2124,670040295598354432,115,771
2125,670037189829525505,292,603
2126,670003130994700288,96,341
2127,669993076832759809,87,335
2128,669972011175813120,168,457
2129,669970042633789440,63,309
2130,669942763794931712,174,522
2131,669926384437997569,109,388
2132,669923323644657664,59,243
2133,669753178989142016,422,838
2134,669749430875258880,67,278
2135,669684865554620416,91,538
2136,669683899023405056,114,403
2137,669682095984410625,137,364
2138,669680153564442624,300,690
2139,669661792646373376,460,829
2140,669625907762618368,1894,3640
2141,669603084620980224,386,974
2142,669597912108789760,157,526
2143,669583744538451968,973,1530
2144,669573570759163904,149,447
2145,669571471778410496,1053,1628
2146,669567591774625800,59,241
2147,669564461267722241,129,399
2148,669393256313184256,79,373
2149,669375718304980992,761,1374
2150,669371483794317312,187,509
2151,669367896104181761,165,473
2152,669363888236994561,239,643
2153,669359674819481600,129,379
2154,669354382627049472,1328,2791
2155,669353438988365824,267,665
2156,669351434509529089,195,451
2157,669328503091937280,434,1039
2158,669327207240699904,120,589
2159,669324657376567296,214,508
2160,669216679721873412,420,1221
2161,669214165781868544,178,456
2162,669203728096960512,500,1035
2163,669037058363662336,326,677
2164,669015743032369152,388,759
2165,669006782128353280,261,592
2166,669000397445533696,6649,21477
2167,668994913074286592,244,454
2168,668992363537309700,363,765
2169,668989615043424256,342,700
2170,668988183816871936,494,926
2171,668986018524233728,174,567
2172,668981893510119424,320,556
2173,668979806671884288,368,815
2174,668975677807423489,613,1347
2175,668967877119254528,25,150
2176,668960084974809088,248,729
2177,668955713004314625,74,288
2178,668932921458302977,60,274
2179,668902994700836864,106,326
2180,668892474547511297,160,410
2181,668872652652679168,311,543
2182,668852170888998912,173,465
2183,668826086256599040,146,451
2184,668815180734689280,283,586
2185,668779399630725120,385,724
2186,668655139528511488,228,547
2187,668645506898350081,567,927
2188,668643542311546881,554,907
2189,668641109086707712,560,1105
2190,668636665813057536,507,1075
2191,668633411083464705,1723,2904
2192,668631377374486528,331,739
2193,668627278264475648,118,327
2194,668625577880875008,140,402
2195,668623201287675904,811,1494
2196,668620235289837568,45,211
2197,668614819948453888,326,625
2198,668587383441514497,1132,1706
2199,668567822092664832,60,253
2200,668544745690562560,237,534
2201,668542336805281792,223,476
2202,668537837512433665,78,257
2203,668528771708952576,235,477
2204,668507509523615744,112,334
2205,668496999348633600,137,420
2206,668484198282485761,246,438
2207,668480044826800133,153,474
2208,668466899341221888,538,908
2209,668297328638447616,310,636
2210,668291999406125056,33,253
2211,668286279830867968,142,519
2212,668274247790391296,238,847
2213,668268907921326080,246,570
2214,668256321989451776,646,1339
2215,668248472370458624,504,1019
2216,668237644992782336,2969,6388
2217,668226093875376128,107,310
2218,668221241640230912,206,524
2219,668204964695683073,200,566
2220,668190681446379520,202,668
2221,668171859951755264,202,505
2222,668154635664932864,326,509
2223,668142349051129856,296,577
2224,668113020489474048,252,683
2225,667937095915278337,822,1307
2226,667924896115245057,114,308
2227,667915453470232577,58,216
2228,667911425562669056,315,505
2229,667902449697558528,387,867
2230,667886921285246976,1132,1942
2231,667885044254572545,506,838
2232,667878741721415682,121,402
2233,667873844930215936,421,647
2234,667866724293877760,1070,3073
2235,667861340749471744,80,248
2236,667832474953625600,63,294
2237,667806454573760512,516,1080
2238,667801013445750784,97,337
2239,667793409583771648,338,717
2240,667782464991965184,249,424
2241,667773195014021121,58,240
2242,667766675769573376,225,455
2243,667728196545200128,153,383
2244,667724302356258817,328,498
2245,667550904950915073,35,0
2246,667550882905632768,33,0
2247,667549055577362432,2365,5919
2248,667546741521195010,129,340
2249,667544320556335104,541,886
2250,667538891197542400,68,209
2251,667534815156183040,555,837
2252,667530908589760512,250,484
2253,667524857454854144,1151,1732
2254,667517642048163840,198,375
2255,667509364010450944,2200,6926
2256,667502640335572993,224,540
2257,667495797102141441,282,535
2258,667491009379606528,233,545
2259,667470559035432960,100,264
2260,667455448082227200,61,193
2261,667453023279554560,92,320
2262,667443425659232256,597,801
2263,667437278097252352,245,456
2264,667435689202614272,85,309
2265,667405339315146752,223,474
2266,667393430834667520,58,197
2267,667369227918143488,167,375
2268,667211855547486208,248,500
2269,667200525029539841,268,624
2270,667192066997374976,109,393
2271,667188689915760640,428,760
2272,667182792070062081,6392,14602
2273,667177989038297088,56,192
2274,667176164155375616,472,620
2275,667174963120574464,85,251
2276,667171260800061440,92,227
2277,667165590075940865,1174,2738
2278,667160273090932737,63,261
2279,667152164079423490,17585,48627
2280,667138269671505920,2275,4690
2281,667119796878725120,129,333
2282,667090893657276420,129,339
2283,667073648344346624,125,412
2284,667070482143944705,14,85
2285,667065535570550784,48,168
2286,667062181243039745,55,220
2287,667044094246576128,51,187
2288,667012601033924608,227,455
2289,666996132027977728,96,248
2290,666983947667116034,1003,2588
2291,666837028449972224,562,827
2292,666835007768551424,80,218
2293,666826780179869698,98,255
2294,666817836334096384,258,528
2295,666804364988780544,94,242
2296,666786068205871104,490,771
2297,666781792255496192,200,391
2298,666776908487630848,175,355
2299,666739327293083650,66,237
2300,666701168228331520,222,435
2301,666691418707132416,47,187
2302,666649482315059201,587,890
2303,666644823164719104,83,233
2304,666454714377183233,209,523
2305,666447344410484738,20,104
2306,666437273139982337,48,125
2307,666435652385423360,53,165
2308,666430724426358785,198,319
2309,666428276349472768,83,165
2310,666421158376562688,111,316
2311,666418789513326592,46,125
2312,666411507551481857,325,445
2313,666407126856765440,40,109
2314,666396247373291520,84,168
2315,666373753744588802,93,187
2316,666362758909284353,568,778
2317,666353288456101888,72,220
2318,666345417576210432,135,296
2319,666337882303524864,91,198
2320,666293911632134144,354,499
2321,666287406224695296,64,149
2322,666273097616637952,76,174
2323,666268910803644416,35,103
2324,666104133288665088,6570,14281
2325,666102155909144576,12,80
2326,666099513787052032,67,154
2327,666094000022159362,73,164
2328,666082916733198337,44,118
2329,666073100786774016,163,321
2330,666071193221509120,60,147
2331,666063827256086533,217,476
2332,666058600524156928,57,111
2333,666057090499244032,141,297
2334,666055525042405380,249,432
2335,666051853826850816,846,1210
2336,666050758794694657,58,133
2337,666049248165822465,40,109
2338,666044226329800704,141,298
2339,666033412701032449,44,125
2340,666029285002620928,47,130
2341,666020888022790149,513,2561
